Sales Person,Country,Product,Date,Amount,Boxes Shipped
Jehu Rudeforth,UK,Mint Chip Choco,2022-01-04,,180
Van Tuxwell,India,85% Dark Bars,2022-08-01,,94
Gigi Bohling,India,Peanut Butter Cubes,2022-07-07,,91
Jan Morforth,Australia,Peanut Butter Cubes,2022-04-27,,342
Jehu Rudeforth,UK,Peanut Butter Cubes,2022-02-24,,184
Van Tuxwell,India,Smooth Sliky Salty,2022-06-06,,38
Oby Sorrel,UK,99% Dark & Pure,2022-01-25,,176
Gunar Cockshoot,Australia,After Nines,2022-03-24,,73
Jehu Rudeforth,New Zealand,50% Dark Bites,2022-04-20,,59
Brien Boise,Australia,99% Dark & Pure,2022-07-04,,102
Rafaelita Blaksland,UK,Smooth Sliky Salty,2022-01-13,,62
Barr Faughny,USA,Orange Choco,2022-03-10,,11
Mallorie Waber,Canada,Eclairs,2022-01-13,,286
Karlen McCaffrey,New Zealand,Drinking Coco,2022-07-28,,156
Marney O'Breen,New Zealand,Peanut Butter Cubes,2022-08-03,,173
Beverie Moffet,Australia,Organic Choco Syrup,2022-01-26,,356
Van Tuxwell,Canada,Organic Choco Syrup,2022-02-14,,42
Roddy Speechley,USA,Smooth Sliky Salty,2022-04-05,,140
Beverie Moffet,Canada,Milk Bars,2022-02-16,,250
Curtice Advani,UK,85% Dark Bars,2022-06-08,,172
Brien Boise,Australia,Eclairs,2022-06-27,,88
Gunar Cockshoot,USA,Spicy Special Slims,2022-02-17,,157
Marney O'Breen,USA,After Nines,2022-05-30,,163
Husein Augar,UK,Drinking Coco,2022-03-14,,113
Kaine Padly,Australia,Eclairs,2022-02-28,,115
Karlen McCaffrey,India,Fruit & Nut Bars,2022-01-26,,321
Roddy Speechley,Canada,Spicy Special Slims,2022-02-09,,186
Husein Augar,USA,Eclairs,2022-07-07,,112
Dennison Crosswaite,New Zealand,White Choc,2022-07-05,,151
Dennison Crosswaite,New Zealand,Manuka Honey Choco,2022-06-15,,301
Van Tuxwell,New Zealand,85% Dark Bars,2022-05-24,,121
Rafaelita Blaksland,UK,99% Dark & Pure,2022-06-29,,150
Wilone O'Kielt,Australia,Manuka Honey Choco,2022-05-11,,94
Karlen McCaffrey,UK,Almond Choco,2022-06-30,,133
Andria Kimpton,Canada,After Nines,2022-05-11,,70
Roddy Speechley,USA,Manuka Honey Choco,2022-07-22,,315
Andria Kimpton,UK,50% Dark Bites,2022-08-24,,314
Kelci Walkden,New Zealand,After Nines,2022-07-07,,72
Camilla Castle,Australia,85% Dark Bars,2022-05-19,,14
Karlen McCaffrey,India,Manuka Honey Choco,2022-07-04,,581
Kelci Walkden,USA,After Nines,2022-06-02,,16
Karlen McCaffrey,USA,Raspberry Choco,2022-04-15,,354
Mallorie Waber,Canada,Choco Coated Almonds,2022-07-11,,241
Andria Kimpton,India,Spicy Special Slims,2022-02-23,,142
Madelene Upcott,Canada,Almond Choco,2022-08-22,,102
Kaine Padly,USA,Peanut Butter Cubes,2022-02-16,,188
Van Tuxwell,USA,50% Dark Bites,2022-01-13,,160
Curtice Advani,Australia,Milk Bars,2022-02-14,,18
Roddy Speechley,India,Eclairs,2022-06-10,,303
Curtice Advani,India,Fruit & Nut Bars,2022-07-07,,176
Curtice Advani,Canada,Almond Choco,2022-03-24,,70
Brien Boise,Australia,Fruit & Nut Bars,2022-06-06,,23
Dotty Strutley,Australia,Drinking Coco,2022-07-19,,135
Beverie Moffet,USA,Raspberry Choco,2022-04-19,,83
Marney O'Breen,India,85% Dark Bars,2022-07-19,,179
Jehu Rudeforth,Canada,Drinking Coco,2022-07-15,,24
Ches Bonnell,New Zealand,Spicy Special Slims,2022-02-14,,18
Brien Boise,Canada,99% Dark & Pure,2022-05-18,,416
Barr Faughny,Australia,Fruit & Nut Bars,2022-06-30,,55
Andria Kimpton,Australia,50% Dark Bites,2022-06-02,,227
Andria Kimpton,Australia,Drinking Coco,2022-06-28,,48
Marney O'Breen,Australia,Organic Choco Syrup,2022-05-16,,174
Kelci Walkden,Canada,Baker's Choco Chips,2022-05-26,,302
Karlen McCaffrey,India,Almond Choco,2022-07-06,,149
Oby Sorrel,India,99% Dark & Pure,2022-05-27,,11
Wilone O'Kielt,Australia,Caramel Stuffed Bars,2022-04-14,,11
Van Tuxwell,Australia,Organic Choco Syrup,2022-08-10,,14
Camilla Castle,India,50% Dark Bites,2022-07-04,,411
Oby Sorrel,India,Organic Choco Syrup,2022-07-08,,56
Jan Morforth,USA,Peanut Butter Cubes,2022-07-22,,102
Gigi Bohling,USA,Choco Coated Almonds,2022-03-02,,103
Gigi Bohling,UK,Almond Choco,2022-01-10,,9
Jehu Rudeforth,New Zealand,White Choc,2022-03-11,,241
Andria Kimpton,New Zealand,Peanut Butter Cubes,2022-06-20,,265
Van Tuxwell,UK,Organic Choco Syrup,2022-08-26,,214
Roddy Speechley,Canada,Milk Bars,2022-07-13,,32
Camilla Castle,USA,Spicy Special Slims,2022-02-11,,244
Marney O'Breen,USA,Orange Choco,2022-01-27,,181
Van Tuxwell,UK,99% Dark & Pure,2022-01-31,,137
Camilla Castle,USA,White Choc,2022-08-18,,24
Andria Kimpton,USA,Raspberry Choco,2022-06-30,,21
Dotty Strutley,Australia,Fruit & Nut Bars,2022-08-23,,311
Brien Boise,New Zealand,Mint Chip Choco,2022-08-01,,181
Roddy Speechley,New Zealand,After Nines,2022-05-25,,10
Roddy Speechley,Canada,Organic Choco Syrup,2022-01-10,,82
Dennison Crosswaite,Australia,70% Dark Bites,2022-02-07,,108
Karlen McCaffrey,USA,Orange Choco,2022-05-12,,401
Madelene Upcott,Australia,Spicy Special Slims,2022-03-07,,408
Dennison Crosswaite,Australia,85% Dark Bars,2022-04-05,,420
Andria Kimpton,Canada,Caramel Stuffed Bars,2022-01-03,,348
Dennison Crosswaite,UK,Eclairs,2022-03-24,,270
Madelene Upcott,India,Raspberry Choco,2022-07-07,,9
Van Tuxwell,USA,After Nines,2022-07-26,,264
Wilone O'Kielt,Australia,Organic Choco Syrup,2022-07-07,,111
Karlen McCaffrey,Canada,50% Dark Bites,2022-07-15,,65
Roddy Speechley,New Zealand,Orange Choco,2022-04-01,,97
Beverie Moffet,Australia,Eclairs,2022-06-20,,6
Kelci Walkden,UK,Fruit & Nut Bars,2022-06-29,,482
Marney O'Breen,USA,50% Dark Bites,2022-06-15,,106
Husein Augar,USA,After Nines,2022-04-08,,180
Dennison Crosswaite,Australia,Raspberry Choco,2022-03-14,,31
Andria Kimpton,USA,Fruit & Nut Bars,2022-07-15,,359
Kelci Walkden,India,Eclairs,2022-04-19,,80
Marney O'Breen,USA,99% Dark & Pure,2022-03-28,,296
Brien Boise,Canada,Spicy Special Slims,2022-03-04,,101
Karlen McCaffrey,New Zealand,70% Dark Bites,2022-08-02,,40
Husein Augar,UK,Spicy Special Slims,2022-08-25,,42
Marney O'Breen,USA,Almond Choco,2022-02-25,,167
Kelci Walkden,India,Orange Choco,2022-06-07,,138
Jan Morforth,India,Spicy Special Slims,2022-04-12,,520
Ches Bonnell,India,Spicy Special Slims,2022-07-06,,94
Kelci Walkden,UK,Smooth Sliky Salty,2022-01-19,,175
Madelene Upcott,Australia,Fruit & Nut Bars,2022-01-05,,92
Madelene Upcott,Canada,70% Dark Bites,2022-01-24,,141
Wilone O'Kielt,Australia,Drinking Coco,2022-04-06,,283
Gunar Cockshoot,Australia,Fruit & Nut Bars,2022-06-15,,21
Gigi Bohling,Canada,Baker's Choco Chips,2022-01-28,,47
Kelci Walkden,India,Caramel Stuffed Bars,2022-03-16,,125
Rafaelita Blaksland,Australia,Drinking Coco,2022-02-21,,396
Kelci Walkden,USA,Manuka Honey Choco,2022-02-16,,87
Jehu Rudeforth,Canada,Spicy Special Slims,2022-01-13,,27
Kelci Walkden,Australia,Eclairs,2022-03-23,,547
Curtice Advani,Canada,Spicy Special Slims,2022-06-16,,118
Oby Sorrel,India,Raspberry Choco,2022-04-14,,46
Kelci Walkden,UK,Eclairs,2022-01-25,,57
Jan Morforth,India,Almond Choco,2022-03-11,,22
Dotty Strutley,UK,Almond Choco,2022-07-28,,96
Marney O'Breen,New Zealand,After Nines,2022-03-09,,44
Husein Augar,Australia,Orange Choco,2022-06-28,,188
Marney O'Breen,Australia,Milk Bars,2022-07-28,,387
Kelci Walkden,Canada,99% Dark & Pure,2022-08-15,,50
Kaine Padly,Australia,Manuka Honey Choco,2022-01-12,,264
Beverie Moffet,New Zealand,White Choc,2022-03-24,,7
Van Tuxwell,UK,Milk Bars,2022-07-25,,90
Oby Sorrel,Canada,99% Dark & Pure,2022-08-01,,403
Van Tuxwell,India,Organic Choco Syrup,2022-05-16,,174
Roddy Speechley,India,Smooth Sliky Salty,2022-08-10,,140
Jan Morforth,India,Eclairs,2022-01-05,,27
Ches Bonnell,UK,Smooth Sliky Salty,2022-07-11,,110
Wilone O'Kielt,USA,After Nines,2022-04-25,,30
Gigi Bohling,New Zealand,Fruit & Nut Bars,2022-04-04,,121
Barr Faughny,USA,Raspberry Choco,2022-04-12,,101
Wilone O'Kielt,New Zealand,85% Dark Bars,2022-08-02,,117
Gigi Bohling,New Zealand,Manuka Honey Choco,2022-06-28,,272
Ches Bonnell,Australia,Eclairs,2022-07-05,,128
Rafaelita Blaksland,New Zealand,Choco Coated Almonds,2022-06-07,,45
Brien Boise,New Zealand,Smooth Sliky Salty,2022-01-18,,27
Brien Boise,Australia,Baker's Choco Chips,2022-01-04,,212
Dennison Crosswaite,Australia,99% Dark & Pure,2022-01-31,,18
Kelci Walkden,India,Almond Choco,2022-03-14,,149
Camilla Castle,Australia,70% Dark Bites,2022-04-29,,477
Oby Sorrel,India,Smooth Sliky Salty,2022-02-07,,108
Kaine Padly,UK,Organic Choco Syrup,2022-03-31,,178
Marney O'Breen,India,Caramel Stuffed Bars,2022-03-16,,81
Karlen McCaffrey,UK,Eclairs,2022-01-25,,196
Van Tuxwell,India,Baker's Choco Chips,2022-06-20,,447
Gigi Bohling,UK,After Nines,2022-03-29,,175
Curtice Advani,Australia,Orange Choco,2022-07-12,,136
Jehu Rudeforth,Canada,Smooth Sliky Salty,2022-07-11,,138
Karlen McCaffrey,Canada,Smooth Sliky Salty,2022-01-19,,184
Andria Kimpton,USA,85% Dark Bars,2022-04-05,,82
Jehu Rudeforth,Canada,Milk Bars,2022-02-21,,12
Rafaelita Blaksland,New Zealand,Caramel Stuffed Bars,2022-05-20,,14
Mallorie Waber,Australia,Milk Bars,2022-07-29,,104
Barr Faughny,USA,Fruit & Nut Bars,2022-01-28,,46
Marney O'Breen,UK,Caramel Stuffed Bars,2022-07-19,,112
Mallorie Waber,New Zealand,Manuka Honey Choco,2022-04-13,,11
Roddy Speechley,India,Peanut Butter Cubes,2022-02-11,,21
Roddy Speechley,New Zealand,Milk Bars,2022-03-02,,116
Ches Bonnell,Australia,White Choc,2022-03-02,,202
Van Tuxwell,USA,99% Dark & Pure,2022-07-28,,6
Kelci Walkden,India,After Nines,2022-01-07,,520
Brien Boise,UK,White Choc,2022-04-12,,167
Van Tuxwell,Canada,Almond Choco,2022-06-27,,72
Jehu Rudeforth,Australia,50% Dark Bites,2022-01-14,,418
Karlen McCaffrey,UK,Baker's Choco Chips,2022-02-07,,389
Jehu Rudeforth,Australia,Orange Choco,2022-03-23,,26
Marney O'Breen,India,Peanut Butter Cubes,2022-01-10,,146
Oby Sorrel,UK,Choco Coated Almonds,2022-03-17,,41
Gigi Bohling,USA,Spicy Special Slims,2022-01-21,,54
Barr Faughny,Australia,White Choc,2022-07-04,,370
Kaine Padly,Canada,Peanut Butter Cubes,2022-07-04,,176
Dotty Strutley,USA,Manuka Honey Choco,2022-08-10,,210
Dennison Crosswaite,Australia,50% Dark Bites,2022-04-01,,12
Gigi Bohling,India,Raspberry Choco,2022-02-22,,159
Camilla Castle,UK,White Choc,2022-01-03,,187
Karlen McCaffrey,India,Drinking Coco,2022-05-31,,233
Dotty Strutley,UK,99% Dark & Pure,2022-01-03,,282
Husein Augar,New Zealand,Caramel Stuffed Bars,2022-01-27,,475
Barr Faughny,UK,50% Dark Bites,2022-01-28,,65
Curtice Advani,Australia,Organic Choco Syrup,2022-06-28,,311
Husein Augar,UK,Choco Coated Almonds,2022-03-02,,43
Wilone O'Kielt,Australia,After Nines,2022-05-27,,26
Dennison Crosswaite,USA,Almond Choco,2022-06-30,,84
Barr Faughny,Canada,Peanut Butter Cubes,2022-06-07,,78
Kaine Padly,USA,70% Dark Bites,2022-05-12,,100
Barr Faughny,New Zealand,Raspberry Choco,2022-07-29,,66
Dennison Crosswaite,UK,White Choc,2022-08-03,,265
Barr Faughny,India,Baker's Choco Chips,2022-08-18,,141
Van Tuxwell,New Zealand,Smooth Sliky Salty,2022-06-14,,42
Beverie Moffet,UK,White Choc,2022-06-30,,76
Camilla Castle,New Zealand,Mint Chip Choco,2022-06-13,,190
Ches Bonnell,UK,Orange Choco,2022-04-27,,54
Jan Morforth,Australia,White Choc,2022-07-27,,32
Mallorie Waber,Canada,85% Dark Bars,2022-04-20,,424
Rafaelita Blaksland,India,Spicy Special Slims,2022-01-04,,134
Ches Bonnell,Australia,Mint Chip Choco,2022-02-21,,92
Karlen McCaffrey,Australia,White Choc,2022-01-05,,48
Beverie Moffet,India,Drinking Coco,2022-07-15,,46
Brien Boise,Australia,Choco Coated Almonds,2022-05-25,,62
Karlen McCaffrey,Canada,Eclairs,2022-04-20,,358
Gigi Bohling,USA,99% Dark & Pure,2022-06-02,,249
Marney O'Breen,UK,Smooth Sliky Salty,2022-05-13,,88
Beverie Moffet,New Zealand,Baker's Choco Chips,2022-08-03,,144
Beverie Moffet,Australia,Milk Bars,2022-05-25,,390
Van Tuxwell,UK,Raspberry Choco,2022-03-16,,79
Jan Morforth,Australia,Orange Choco,2022-07-04,,122
Jehu Rudeforth,India,50% Dark Bites,2022-07-05,,135
Madelene Upcott,USA,After Nines,2022-03-15,,430
Barr Faughny,UK,Raspberry Choco,2022-08-22,,69
Ches Bonnell,Australia,70% Dark Bites,2022-01-12,,125
Marney O'Breen,UK,Baker's Choco Chips,2022-06-10,,154
Kaine Padly,Australia,Peanut Butter Cubes,2022-03-25,,286
Rafaelita Blaksland,India,Almond Choco,2022-07-27,,99
Husein Augar,UK,Caramel Stuffed Bars,2022-04-15,,433
Roddy Speechley,India,Orange Choco,2022-06-27,,19
Jehu Rudeforth,UK,70% Dark Bites,2022-04-14,,258
Husein Augar,Australia,Manuka Honey Choco,2022-03-15,,92
Madelene Upcott,USA,Eclairs,2022-03-18,,200
Brien Boise,India,Eclairs,2022-04-29,,61
Mallorie Waber,New Zealand,White Choc,2022-02-25,,246
Husein Augar,USA,Milk Bars,2022-03-02,,56
Van Tuxwell,Australia,Milk Bars,2022-06-20,,87
Beverie Moffet,Canada,White Choc,2022-07-15,,173
Dotty Strutley,Australia,50% Dark Bites,2022-05-12,,252
Mallorie Waber,New Zealand,Organic Choco Syrup,2022-07-01,,256
Husein Augar,USA,85% Dark Bars,2022-08-08,,54
Madelene Upcott,Australia,50% Dark Bites,2022-07-25,,6
Wilone O'Kielt,UK,Drinking Coco,2022-05-18,,55
Camilla Castle,India,Peanut Butter Cubes,2022-07-15,,277
Curtice Advani,India,70% Dark Bites,2022-07-05,,44
Mallorie Waber,USA,Manuka Honey Choco,2022-07-04,,96
Dotty Strutley,UK,70% Dark Bites,2022-06-20,,216
Gunar Cockshoot,Australia,Almond Choco,2022-01-25,,424
Kaine Padly,New Zealand,Spicy Special Slims,2022-07-01,,37
Gigi Bohling,USA,50% Dark Bites,2022-04-13,,59
Beverie Moffet,UK,Smooth Sliky Salty,2022-05-04,,76
Beverie Moffet,Australia,Baker's Choco Chips,2022-08-04,,109
Beverie Moffet,India,70% Dark Bites,2022-06-01,,146
Jehu Rudeforth,UK,Choco Coated Almonds,2022-04-22,,185
Kaine Padly,USA,50% Dark Bites,2022-08-03,,27
Ches Bonnell,USA,Orange Choco,2022-06-10,,69
Gunar Cockshoot,UK,Manuka Honey Choco,2022-06-27,,46
Marney O'Breen,Australia,Smooth Sliky Salty,2022-01-03,,170
Marney O'Breen,India,After Nines,2022-07-11,,179
Ches Bonnell,New Zealand,Milk Bars,2022-08-17,,126
Rafaelita Blaksland,USA,Fruit & Nut Bars,2022-01-18,,65
Ches Bonnell,India,Organic Choco Syrup,2022-03-08,,99
Mallorie Waber,Australia,Orange Choco,2022-03-07,,275
Husein Augar,India,70% Dark Bites,2022-05-09,,157
Barr Faughny,New Zealand,85% Dark Bars,2022-05-23,,157
Madelene Upcott,UK,Caramel Stuffed Bars,2022-04-15,,145
Gigi Bohling,Australia,Drinking Coco,2022-07-27,,139
Marney O'Breen,Canada,Choco Coated Almonds,2022-08-22,,406
Ches Bonnell,USA,70% Dark Bites,2022-05-11,,122
Madelene Upcott,India,Organic Choco Syrup,2022-01-26,,38
Barr Faughny,USA,50% Dark Bites,2022-04-14,,117
Dennison Crosswaite,New Zealand,Mint Chip Choco,2022-04-05,,417
Marney O'Breen,New Zealand,Smooth Sliky Salty,2022-06-14,,57
Brien Boise,Canada,Almond Choco,2022-04-13,,125
Beverie Moffet,Australia,White Choc,2022-06-27,,166
Dotty Strutley,Australia,Eclairs,2022-01-26,,3
Barr Faughny,UK,White Choc,2022-07-05,,72
Beverie Moffet,Canada,Baker's Choco Chips,2022-01-11,,95
Kelci Walkden,USA,White Choc,2022-03-07,,22
Kaine Padly,Canada,50% Dark Bites,2022-03-04,,100
Karlen McCaffrey,Canada,Organic Choco Syrup,2022-07-15,,312
Kaine Padly,UK,Peanut Butter Cubes,2022-05-11,,86
Karlen McCaffrey,USA,Milk Bars,2022-01-27,,7
Karlen McCaffrey,India,Orange Choco,2022-06-27,,149
Ches Bonnell,India,Smooth Sliky Salty,2022-08-03,,18
Wilone O'Kielt,New Zealand,Mint Chip Choco,2022-08-19,,242
Wilone O'Kielt,Australia,Fruit & Nut Bars,2022-06-15,,102
Dennison Crosswaite,UK,Peanut Butter Cubes,2022-02-07,,158
Karlen McCaffrey,Australia,Almond Choco,2022-07-08,,128
Dennison Crosswaite,India,Milk Bars,2022-04-21,,96
Ches Bonnell,UK,Mint Chip Choco,2022-04-08,,209
Husein Augar,Australia,50% Dark Bites,2022-08-19,,52
Jan Morforth,India,Fruit & Nut Bars,2022-05-04,,55
Mallorie Waber,USA,85% Dark Bars,2022-05-11,,108
Mallorie Waber,USA,Eclairs,2022-03-22,,51
Dennison Crosswaite,Canada,Spicy Special Slims,2022-08-10,,216
Dennison Crosswaite,USA,Fruit & Nut Bars,2022-05-04,,318
Kelci Walkden,USA,99% Dark & Pure,2022-08-18,,238
Dotty Strutley,Canada,Raspberry Choco,2022-08-03,,238
Marney O'Breen,New Zealand,Milk Bars,2022-01-14,,315
Madelene Upcott,Australia,Choco Coated Almonds,2022-04-08,,72
Kelci Walkden,UK,Orange Choco,2022-08-01,,3
Dennison Crosswaite,Canada,Eclairs,2022-03-15,,45
Karlen McCaffrey,India,Mint Chip Choco,2022-07-15,,184
Barr Faughny,New Zealand,Almond Choco,2022-01-13,,127
Mallorie Waber,Australia,85% Dark Bars,2022-08-26,,53
Ches Bonnell,Canada,Eclairs,2022-01-10,,172
Gigi Bohling,Australia,White Choc,2022-05-11,,87
Beverie Moffet,New Zealand,85% Dark Bars,2022-08-30,,22
Kaine Padly,USA,Caramel Stuffed Bars,2022-07-21,,122
Mallorie Waber,Australia,Almond Choco,2022-08-01,,125
Brien Boise,Canada,85% Dark Bars,2022-02-17,,259
Brien Boise,Australia,Drinking Coco,2022-07-27,,156
Dotty Strutley,USA,Orange Choco,2022-02-23,,107
Rafaelita Blaksland,Australia,50% Dark Bites,2022-03-22,,40
Dennison Crosswaite,India,99% Dark & Pure,2022-06-23,,311
Curtice Advani,UK,White Choc,2022-02-01,,73
Kelci Walkden,Australia,After Nines,2022-03-02,,288
Gigi Bohling,UK,Fruit & Nut Bars,2022-04-06,,86
Gunar Cockshoot,Australia,Raspberry Choco,2022-03-17,,72
Curtice Advani,UK,Fruit & Nut Bars,2022-06-24,,136
Barr Faughny,Canada,50% Dark Bites,2022-07-19,,303
Curtice Advani,USA,Spicy Special Slims,2022-07-11,,264
Brien Boise,India,Almond Choco,2022-01-13,,218
Oby Sorrel,New Zealand,Smooth Sliky Salty,2022-07-07,,60
Jan Morforth,India,85% Dark Bars,2022-05-25,,418
Marney O'Breen,India,Fruit & Nut Bars,2022-04-13,,151
Andria Kimpton,New Zealand,50% Dark Bites,2022-03-02,,202
Gunar Cockshoot,Canada,Raspberry Choco,2022-06-23,,126
Kelci Walkden,USA,Drinking Coco,2022-07-26,,160
Van Tuxwell,Canada,White Choc,2022-03-22,,3
Rafaelita Blaksland,USA,Baker's Choco Chips,2022-06-09,,58
Van Tuxwell,Australia,Caramel Stuffed Bars,2022-05-17,,59
Ches Bonnell,New Zealand,Peanut Butter Cubes,2022-03-04,,273
Kelci Walkden,Canada,Milk Bars,2022-07-07,,28
Dennison Crosswaite,Canada,Choco Coated Almonds,2022-01-13,,118
Curtice Advani,Australia,Almond Choco,2022-07-13,,75
Madelene Upcott,Australia,85% Dark Bars,2022-06-16,,329
Gigi Bohling,UK,50% Dark Bites,2022-07-18,,69
Ches Bonnell,UK,Manuka Honey Choco,2022-05-30,,395
Gigi Bohling,UK,70% Dark Bites,2022-06-21,,81
Jehu Rudeforth,Australia,Peanut Butter Cubes,2022-06-24,,38
Marney O'Breen,India,Eclairs,2022-01-13,,96
Curtice Advani,Canada,Fruit & Nut Bars,2022-04-04,,195
Kaine Padly,UK,Smooth Sliky Salty,2022-06-08,,554
Karlen McCaffrey,Canada,Spicy Special Slims,2022-08-02,,47
Kelci Walkden,USA,Organic Choco Syrup,2022-07-21,,152
Curtice Advani,India,Spicy Special Slims,2022-06-20,,134
Roddy Speechley,India,After Nines,2022-06-22,,112
Camilla Castle,Australia,Caramel Stuffed Bars,2022-05-02,,16
Curtice Advani,Australia,99% Dark & Pure,2022-01-07,,84
Mallorie Waber,UK,50% Dark Bites,2022-02-21,,99
Ches Bonnell,Canada,Baker's Choco Chips,2022-03-21,,371
Van Tuxwell,UK,Drinking Coco,2022-04-04,,136
Gunar Cockshoot,Canada,Fruit & Nut Bars,2022-03-24,,203
Gunar Cockshoot,New Zealand,Spicy Special Slims,2022-06-28,,183
Gunar Cockshoot,Australia,Drinking Coco,2022-01-14,,195
Karlen McCaffrey,New Zealand,Fruit & Nut Bars,2022-02-07,,135
Dennison Crosswaite,New Zealand,Drinking Coco,2022-01-11,,197
Jehu Rudeforth,India,99% Dark & Pure,2022-02-25,,242
Dotty Strutley,Australia,Mint Chip Choco,2022-08-01,,25
Roddy Speechley,Australia,Mint Chip Choco,2022-05-05,,252
Madelene Upcott,New Zealand,Raspberry Choco,2022-05-18,,415
Dotty Strutley,New Zealand,Choco Coated Almonds,2022-01-04,,348
Roddy Speechley,New Zealand,50% Dark Bites,2022-05-09,,211
Rafaelita Blaksland,India,Smooth Sliky Salty,2022-05-06,,81
Husein Augar,UK,White Choc,2022-01-13,,145
Roddy Speechley,Australia,Almond Choco,2022-06-24,,74
Van Tuxwell,USA,Caramel Stuffed Bars,2022-02-14,,21
Camilla Castle,Australia,99% Dark & Pure,2022-01-18,,101
Kaine Padly,India,Milk Bars,2022-05-02,,91
Ches Bonnell,Australia,Smooth Sliky Salty,2022-05-16,,54
Mallorie Waber,USA,Almond Choco,2022-01-28,,368
Kaine Padly,Canada,99% Dark & Pure,2022-06-24,,409
Oby Sorrel,UK,After Nines,2022-07-18,,104
Gunar Cockshoot,UK,Eclairs,2022-04-13,,164
Dotty Strutley,USA,Caramel Stuffed Bars,2022-04-15,,76
Jan Morforth,India,Peanut Butter Cubes,2022-01-04,,178
Husein Augar,Australia,Eclairs,2022-07-04,,31
Beverie Moffet,USA,Smooth Sliky Salty,2022-03-24,,352
Camilla Castle,Australia,Manuka Honey Choco,2022-03-17,,169
Oby Sorrel,Australia,Almond Choco,2022-02-15,,223
Jan Morforth,USA,Orange Choco,2022-06-29,,146
Gigi Bohling,USA,Fruit & Nut Bars,2022-05-24,,112
Mallorie Waber,UK,Milk Bars,2022-01-10,,284
Curtice Advani,USA,Raspberry Choco,2022-03-15,,139
Marney O'Breen,Canada,Milk Bars,2022-02-08,,309
Brien Boise,India,Caramel Stuffed Bars,2022-02-25,,100
Gunar Cockshoot,USA,Eclairs,2022-05-03,,42
Roddy Speechley,USA,Fruit & Nut Bars,2022-06-14,,24
Gunar Cockshoot,India,50% Dark Bites,2022-08-09,,83
Wilone O'Kielt,New Zealand,Manuka Honey Choco,2022-07-11,,234
Kaine Padly,UK,Manuka Honey Choco,2022-01-14,,118
Van Tuxwell,Canada,Manuka Honey Choco,2022-02-24,,46
Wilone O'Kielt,New Zealand,Almond Choco,2022-03-15,,144
Oby Sorrel,New Zealand,Baker's Choco Chips,2022-04-25,,47
Dennison Crosswaite,Australia,Organic Choco Syrup,2022-05-10,,41
Marney O'Breen,Australia,Spicy Special Slims,2022-06-23,,275
Beverie Moffet,Canada,Smooth Sliky Salty,2022-02-28,,370
Brien Boise,USA,Organic Choco Syrup,2022-05-25,,138
Roddy Speechley,New Zealand,Baker's Choco Chips,2022-02-22,,215
Van Tuxwell,UK,85% Dark Bars,2022-07-11,,134
Marney O'Breen,Canada,Spicy Special Slims,2022-01-03,,336
Rafaelita Blaksland,New Zealand,70% Dark Bites,2022-08-24,,280
Beverie Moffet,USA,50% Dark Bites,2022-07-28,,352
Brien Boise,USA,Mint Chip Choco,2022-05-25,,150
Karlen McCaffrey,New Zealand,Eclairs,2022-05-06,,177
Barr Faughny,India,Drinking Coco,2022-01-28,,142
Marney O'Breen,UK,Orange Choco,2022-06-06,,12
Brien Boise,New Zealand,Baker's Choco Chips,2022-07-12,,24
Ches Bonnell,Canada,Spicy Special Slims,2022-08-05,,183
Brien Boise,USA,Orange Choco,2022-01-28,,147
Kaine Padly,India,Spicy Special Slims,2022-08-31,,137
Mallorie Waber,USA,50% Dark Bites,2022-04-19,,13
Mallorie Waber,UK,Mint Chip Choco,2022-06-29,,2
Beverie Moffet,India,Choco Coated Almonds,2022-02-24,,261
Madelene Upcott,UK,Smooth Sliky Salty,2022-03-04,,84
Gigi Bohling,India,Eclairs,2022-06-21,,68
Rafaelita Blaksland,Australia,Organic Choco Syrup,2022-01-26,,105
Oby Sorrel,New Zealand,White Choc,2022-06-10,,40
Andria Kimpton,UK,Drinking Coco,2022-05-23,,65
Kelci Walkden,India,Milk Bars,2022-04-15,,107
Karlen McCaffrey,New Zealand,Caramel Stuffed Bars,2022-01-31,,227
Andria Kimpton,New Zealand,Organic Choco Syrup,2022-03-04,,39
Barr Faughny,New Zealand,After Nines,2022-04-19,,84
Beverie Moffet,UK,Almond Choco,2022-05-16,,100
Oby Sorrel,Australia,Raspberry Choco,2022-02-17,,120
Dennison Crosswaite,USA,Raspberry Choco,2022-01-18,,257
Roddy Speechley,Canada,Orange Choco,2022-02-09,,85
Mallorie Waber,Canada,Orange Choco,2022-03-23,,178
Madelene Upcott,New Zealand,Caramel Stuffed Bars,2022-02-01,,151
Mallorie Waber,India,Drinking Coco,2022-03-07,,142
Ches Bonnell,UK,White Choc,2022-01-03,,226
Ches Bonnell,USA,White Choc,2022-02-11,,341
Dennison Crosswaite,New Zealand,Orange Choco,2022-03-16,,140
Dotty Strutley,India,White Choc,2022-08-15,,330
Gigi Bohling,India,Manuka Honey Choco,2022-05-12,,73
Van Tuxwell,India,Spicy Special Slims,2022-04-11,,4
Jan Morforth,New Zealand,Mint Chip Choco,2022-06-30,,285
Dotty Strutley,New Zealand,White Choc,2022-06-15,,60
Rafaelita Blaksland,Canada,Caramel Stuffed Bars,2022-08-01,,101
Kaine Padly,USA,Milk Bars,2022-06-15,,58
Brien Boise,India,After Nines,2022-06-16,,45
Oby Sorrel,New Zealand,Raspberry Choco,2022-05-13,,281
Dennison Crosswaite,USA,Drinking Coco,2022-05-10,,138
Oby Sorrel,India,Eclairs,2022-08-25,,322
Ches Bonnell,New Zealand,Organic Choco Syrup,2022-07-15,,85
Gigi Bohling,UK,Baker's Choco Chips,2022-05-16,,409
Jan Morforth,Australia,50% Dark Bites,2022-06-14,,182
Beverie Moffet,Australia,Smooth Sliky Salty,2022-01-25,,467
Ches Bonnell,USA,Organic Choco Syrup,2022-07-28,,14
Brien Boise,Canada,Mint Chip Choco,2022-01-28,,178
Kaine Padly,UK,Orange Choco,2022-06-29,,191
Karlen McCaffrey,Australia,70% Dark Bites,2022-06-24,,317
Gunar Cockshoot,Canada,Mint Chip Choco,2022-07-01,,410
Roddy Speechley,USA,Peanut Butter Cubes,2022-02-25,,137
Curtice Advani,Canada,Smooth Sliky Salty,2022-08-01,,12
Oby Sorrel,Australia,Milk Bars,2022-06-21,,254
Camilla Castle,New Zealand,Spicy Special Slims,2022-01-25,,24
Gigi Bohling,UK,Milk Bars,2022-05-17,,232
Andria Kimpton,Australia,85% Dark Bars,2022-08-23,,233
Camilla Castle,Australia,Smooth Sliky Salty,2022-03-03,,118
Roddy Speechley,India,Caramel Stuffed Bars,2022-05-30,,543
Karlen McCaffrey,USA,Drinking Coco,2022-06-29,,223
Andria Kimpton,Canada,Organic Choco Syrup,2022-01-04,,204
Jehu Rudeforth,Australia,Drinking Coco,2022-01-14,,65
Karlen McCaffrey,USA,Mint Chip Choco,2022-02-15,,53
Curtice Advani,New Zealand,Spicy Special Slims,2022-01-10,,469
Madelene Upcott,USA,White Choc,2022-05-04,,213
Andria Kimpton,USA,Spicy Special Slims,2022-05-23,,5
Barr Faughny,New Zealand,Fruit & Nut Bars,2022-04-26,,147
Oby Sorrel,Canada,Organic Choco Syrup,2022-07-05,,74
Madelene Upcott,UK,Organic Choco Syrup,2022-07-21,,163
Dotty Strutley,USA,Mint Chip Choco,2022-02-21,,248
Kelci Walkden,USA,Orange Choco,2022-02-03,,138
Gigi Bohling,Australia,Caramel Stuffed Bars,2022-07-08,,151
Mallorie Waber,India,50% Dark Bites,2022-05-31,,139
Van Tuxwell,New Zealand,Mint Chip Choco,2022-06-27,,103
Van Tuxwell,India,50% Dark Bites,2022-05-13,,129
Van Tuxwell,USA,Manuka Honey Choco,2022-05-31,,102
Wilone O'Kielt,USA,Orange Choco,2022-02-28,,37
Barr Faughny,New Zealand,Eclairs,2022-03-28,,31
Gigi Bohling,USA,After Nines,2022-01-14,,227
Barr Faughny,New Zealand,Mint Chip Choco,2022-02-21,,145
Dennison Crosswaite,Canada,85% Dark Bars,2022-08-01,,90
Beverie Moffet,New Zealand,Smooth Sliky Salty,2022-05-19,,59
Husein Augar,USA,White Choc,2022-07-13,,60
Andria Kimpton,Australia,Peanut Butter Cubes,2022-04-20,,148
Dennison Crosswaite,India,85% Dark Bars,2022-06-30,,22
Curtice Advani,UK,50% Dark Bites,2022-03-08,,142
Gunar Cockshoot,USA,Fruit & Nut Bars,2022-03-09,,93
Oby Sorrel,Canada,Raspberry Choco,2022-06-16,,208
Gigi Bohling,UK,Drinking Coco,2022-06-30,,42
Kelci Walkden,India,Mint Chip Choco,2022-07-28,,120
Karlen McCaffrey,Canada,Peanut Butter Cubes,2022-08-12,,159
Barr Faughny,UK,Mint Chip Choco,2022-07-07,,316
Barr Faughny,USA,85% Dark Bars,2022-08-25,,47
Husein Augar,Canada,Eclairs,2022-01-17,,233
Jan Morforth,Australia,70% Dark Bites,2022-03-04,,384
Marney O'Breen,New Zealand,Fruit & Nut Bars,2022-08-25,,4
Ches Bonnell,UK,Peanut Butter Cubes,2022-04-15,,260
Kaine Padly,USA,Organic Choco Syrup,2022-03-11,,22
Camilla Castle,USA,Raspberry Choco,2022-05-20,,18
Brien Boise,New Zealand,Manuka Honey Choco,2022-06-14,,42
Jehu Rudeforth,New Zealand,After Nines,2022-04-14,,73
Jehu Rudeforth,USA,Smooth Sliky Salty,2022-07-07,,154
Madelene Upcott,India,Mint Chip Choco,2022-08-24,,71
Jehu Rudeforth,India,Eclairs,2022-02-24,,127
Karlen McCaffrey,Canada,Raspberry Choco,2022-05-09,,224
Kaine Padly,Australia,70% Dark Bites,2022-02-08,,223
Roddy Speechley,UK,70% Dark Bites,2022-03-24,,284
Rafaelita Blaksland,USA,Drinking Coco,2022-06-20,,73
Mallorie Waber,Canada,Manuka Honey Choco,2022-03-07,,112
Kaine Padly,Australia,Fruit & Nut Bars,2022-06-20,,85
Oby Sorrel,New Zealand,Organic Choco Syrup,2022-02-17,,270
Madelene Upcott,UK,99% Dark & Pure,2022-01-26,,45
Madelene Upcott,Australia,Mint Chip Choco,2022-05-02,,153
Curtice Advani,Canada,99% Dark & Pure,2022-07-07,,7
Rafaelita Blaksland,Australia,Baker's Choco Chips,2022-08-22,,51
Karlen McCaffrey,Australia,After Nines,2022-08-11,,67
Marney O'Breen,UK,99% Dark & Pure,2022-01-13,,194
Gunar Cockshoot,Australia,50% Dark Bites,2022-03-02,,116
Marney O'Breen,Australia,Choco Coated Almonds,2022-07-27,,41
Kelci Walkden,New Zealand,Drinking Coco,2022-03-10,,111
Beverie Moffet,USA,85% Dark Bars,2022-08-23,,334
Roddy Speechley,USA,Eclairs,2022-04-25,,155
Dennison Crosswaite,UK,Milk Bars,2022-03-07,,407
Wilone O'Kielt,UK,Organic Choco Syrup,2022-07-12,,52
Madelene Upcott,USA,Orange Choco,2022-05-16,,138
Gunar Cockshoot,India,Smooth Sliky Salty,2022-03-02,,70
Marney O'Breen,New Zealand,85% Dark Bars,2022-05-30,,149
Marney O'Breen,UK,Manuka Honey Choco,2022-06-10,,179
Brien Boise,USA,99% Dark & Pure,2022-07-25,,353
Beverie Moffet,New Zealand,Mint Chip Choco,2022-06-09,,97
Dennison Crosswaite,USA,Milk Bars,2022-05-12,,60
Gunar Cockshoot,USA,Drinking Coco,2022-05-09,,5
Brien Boise,Canada,Manuka Honey Choco,2022-08-09,,182
Van Tuxwell,India,Choco Coated Almonds,2022-04-13,,114
Andria Kimpton,USA,Caramel Stuffed Bars,2022-05-02,,46
Dotty Strutley,USA,99% Dark & Pure,2022-08-09,,320
Camilla Castle,Australia,Raspberry Choco,2022-08-23,,178
Gunar Cockshoot,India,Spicy Special Slims,2022-05-13,,170
Karlen McCaffrey,USA,Manuka Honey Choco,2022-02-01,,67
Camilla Castle,USA,50% Dark Bites,2022-06-23,,301
Madelene Upcott,UK,Choco Coated Almonds,2022-05-24,,134
Jan Morforth,Canada,Mint Chip Choco,2022-04-01,,211
Camilla Castle,Canada,70% Dark Bites,2022-07-27,,151
Ches Bonnell,India,Peanut Butter Cubes,2022-01-27,,208
Jan Morforth,India,Choco Coated Almonds,2022-08-12,,134
Gigi Bohling,Canada,Almond Choco,2022-02-01,,49
Rafaelita Blaksland,India,After Nines,2022-03-02,,204
Kelci Walkden,Australia,99% Dark & Pure,2022-06-30,,34
Dotty Strutley,Australia,Spicy Special Slims,2022-01-17,,91
Brien Boise,USA,Milk Bars,2022-07-07,,130
Mallorie Waber,New Zealand,Mint Chip Choco,2022-01-31,,107
Beverie Moffet,UK,99% Dark & Pure,2022-08-10,,121
Beverie Moffet,USA,Peanut Butter Cubes,2022-08-18,,339
Brien Boise,New Zealand,White Choc,2022-06-15,,321
Marney O'Breen,USA,Baker's Choco Chips,2022-01-26,,9
Kelci Walkden,USA,Spicy Special Slims,2022-04-29,,69
Mallorie Waber,Canada,White Choc,2022-03-03,,72
Kaine Padly,Australia,Almond Choco,2022-02-22,,392
Oby Sorrel,USA,Smooth Sliky Salty,2022-03-04,,158
Dennison Crosswaite,India,Smooth Sliky Salty,2022-07-07,,9
Camilla Castle,New Zealand,Caramel Stuffed Bars,2022-06-17,,347
Jan Morforth,Canada,Caramel Stuffed Bars,2022-08-02,,114
Oby Sorrel,USA,Baker's Choco Chips,2022-08-12,,120
Madelene Upcott,New Zealand,Peanut Butter Cubes,2022-01-28,,333
Kelci Walkden,Australia,Orange Choco,2022-04-29,,432
Marney O'Breen,Australia,Manuka Honey Choco,2022-04-05,,236
Kaine Padly,Canada,Manuka Honey Choco,2022-01-18,,135
Jehu Rudeforth,UK,Baker's Choco Chips,2022-05-16,,97
Kelci Walkden,Australia,White Choc,2022-08-24,,168
Curtice Advani,India,85% Dark Bars,2022-01-18,,402
Kaine Padly,USA,Eclairs,2022-08-22,,10
Gunar Cockshoot,UK,99% Dark & Pure,2022-03-07,,84
Beverie Moffet,UK,Choco Coated Almonds,2022-03-04,,69
Dotty Strutley,Canada,Manuka Honey Choco,2022-04-22,,111
Kaine Padly,Australia,Milk Bars,2022-06-09,,89
Jan Morforth,Canada,Fruit & Nut Bars,2022-07-25,,199
Jan Morforth,India,Smooth Sliky Salty,2022-08-03,,89
Rafaelita Blaksland,Australia,Manuka Honey Choco,2022-08-03,,131
Jehu Rudeforth,UK,Milk Bars,2022-05-03,,227
Husein Augar,Canada,After Nines,2022-01-19,,301
Roddy Speechley,USA,50% Dark Bites,2022-02-11,,316
Van Tuxwell,India,Almond Choco,2022-06-14,,390
Kelci Walkden,USA,50% Dark Bites,2022-03-23,,223
Madelene Upcott,Canada,85% Dark Bars,2022-02-17,,101
Dennison Crosswaite,Canada,Smooth Sliky Salty,2022-03-17,,479
Mallorie Waber,Australia,Spicy Special Slims,2022-06-29,,287
Ches Bonnell,Canada,Choco Coated Almonds,2022-08-24,,269
Gigi Bohling,Canada,Spicy Special Slims,2022-07-04,,277
Roddy Speechley,New Zealand,Almond Choco,2022-03-28,,67
Curtice Advani,India,Smooth Sliky Salty,2022-04-19,,135
Ches Bonnell,New Zealand,Mint Chip Choco,2022-01-18,,229
Van Tuxwell,New Zealand,Fruit & Nut Bars,2022-01-17,,88
Andria Kimpton,New Zealand,Mint Chip Choco,2022-02-15,,211
Andria Kimpton,UK,Milk Bars,2022-02-11,,293
Camilla Castle,USA,Manuka Honey Choco,2022-03-21,,179
Gunar Cockshoot,New Zealand,Almond Choco,2022-01-05,,129
Brien Boise,India,Raspberry Choco,2022-05-30,,164
Jehu Rudeforth,USA,99% Dark & Pure,2022-01-04,,219
Beverie Moffet,Australia,Fruit & Nut Bars,2022-04-22,,258
Gigi Bohling,Canada,Milk Bars,2022-02-10,,116
Dotty Strutley,India,Spicy Special Slims,2022-08-12,,204
Gunar Cockshoot,USA,Organic Choco Syrup,2022-08-10,,321
Kelci Walkden,Australia,Raspberry Choco,2022-06-07,,56
Jehu Rudeforth,India,Baker's Choco Chips,2022-06-06,,74
Karlen McCaffrey,New Zealand,Baker's Choco Chips,2022-04-05,,189
Wilone O'Kielt,USA,50% Dark Bites,2022-04-18,,131
Andria Kimpton,India,50% Dark Bites,2022-01-31,,15
Madelene Upcott,USA,Baker's Choco Chips,2022-08-22,,140
Jehu Rudeforth,Australia,99% Dark & Pure,2022-02-25,,198
Jan Morforth,Australia,Mint Chip Choco,2022-02-22,,103
Oby Sorrel,New Zealand,Milk Bars,2022-01-12,,187
Brien Boise,UK,Almond Choco,2022-05-25,,125
Kelci Walkden,India,Smooth Sliky Salty,2022-02-01,,8
Rafaelita Blaksland,UK,Eclairs,2022-04-27,,70
Gigi Bohling,USA,Smooth Sliky Salty,2022-07-22,,126
Curtice Advani,New Zealand,Mint Chip Choco,2022-01-26,,265
Curtice Advani,USA,Mint Chip Choco,2022-08-24,,296
Madelene Upcott,New Zealand,Fruit & Nut Bars,2022-01-18,,21
Karlen McCaffrey,India,85% Dark Bars,2022-03-30,,83
Ches Bonnell,Australia,Caramel Stuffed Bars,2022-01-17,,162
Kelci Walkden,USA,Fruit & Nut Bars,2022-02-17,,145
Kelci Walkden,Canada,Peanut Butter Cubes,2022-04-08,,44
Gigi Bohling,Canada,Drinking Coco,2022-07-06,,82
Husein Augar,India,Fruit & Nut Bars,2022-04-04,,226
Jan Morforth,New Zealand,Organic Choco Syrup,2022-03-02,,207
Gigi Bohling,New Zealand,Raspberry Choco,2022-08-09,,176
Dennison Crosswaite,Australia,Milk Bars,2022-06-09,,286
Ches Bonnell,UK,Caramel Stuffed Bars,2022-06-02,,300
Van Tuxwell,USA,Fruit & Nut Bars,2022-07-05,,235
Andria Kimpton,Canada,Eclairs,2022-08-11,,125
Madelene Upcott,India,Choco Coated Almonds,2022-02-11,,145
Kelci Walkden,New Zealand,Spicy Special Slims,2022-08-11,,65
Roddy Speechley,Australia,Drinking Coco,2022-05-12,,102
Wilone O'Kielt,USA,Milk Bars,2022-07-15,,93
Andria Kimpton,India,Organic Choco Syrup,2022-01-18,,134
Madelene Upcott,UK,Fruit & Nut Bars,2022-01-05,,189
Curtice Advani,Australia,50% Dark Bites,2022-06-29,,232
Brien Boise,Canada,Raspberry Choco,2022-06-14,,45
Gunar Cockshoot,India,Mint Chip Choco,2022-08-08,,67
Dennison Crosswaite,India,Mint Chip Choco,2022-03-23,,138
Barr Faughny,India,Caramel Stuffed Bars,2022-01-04,,99
Brien Boise,India,Milk Bars,2022-02-22,,251
Beverie Moffet,UK,Spicy Special Slims,2022-02-17,,252
Barr Faughny,USA,Almond Choco,2022-02-03,,78
Van Tuxwell,Canada,Raspberry Choco,2022-03-17,,130
Wilone O'Kielt,Australia,Baker's Choco Chips,2022-01-25,,154
Brien Boise,Australia,Milk Bars,2022-07-27,,52
Husein Augar,Australia,Fruit & Nut Bars,2022-01-28,,53
Madelene Upcott,Australia,Organic Choco Syrup,2022-07-05,,50
Van Tuxwell,India,White Choc,2022-03-15,,44
Gunar Cockshoot,Canada,After Nines,2022-08-04,,200
Jan Morforth,USA,Fruit & Nut Bars,2022-06-27,,361
Jan Morforth,Canada,After Nines,2022-07-13,,172
Barr Faughny,New Zealand,Manuka Honey Choco,2022-02-24,,239
Karlen McCaffrey,New Zealand,85% Dark Bars,2022-06-28,,55
Oby Sorrel,Australia,85% Dark Bars,2022-06-30,,27
Curtice Advani,Canada,Choco Coated Almonds,2022-08-18,,7
Kaine Padly,India,70% Dark Bites,2022-01-24,,301
Beverie Moffet,USA,White Choc,2022-03-11,,134
Ches Bonnell,New Zealand,After Nines,2022-06-23,,350
Husein Augar,India,Spicy Special Slims,2022-08-22,,33
Gunar Cockshoot,Canada,50% Dark Bites,2022-01-04,,23
Curtice Advani,India,Milk Bars,2022-04-05,,201
Beverie Moffet,India,Milk Bars,2022-04-15,,323
Husein Augar,Australia,White Choc,2022-05-11,,220
Andria Kimpton,Canada,Manuka Honey Choco,2022-07-21,,488
Jan Morforth,New Zealand,Orange Choco,2022-02-11,,84
Andria Kimpton,Canada,Smooth Sliky Salty,2022-07-08,,79
Gunar Cockshoot,UK,Raspberry Choco,2022-08-11,,344
Husein Augar,New Zealand,After Nines,2022-08-04,,7
Andria Kimpton,New Zealand,Orange Choco,2022-06-14,,88
Dennison Crosswaite,UK,Baker's Choco Chips,2022-01-17,,275
Jehu Rudeforth,Canada,Orange Choco,2022-06-23,,512
Jehu Rudeforth,UK,Smooth Sliky Salty,2022-08-24,,113
Andria Kimpton,UK,Caramel Stuffed Bars,2022-06-07,,275
Jan Morforth,UK,White Choc,2022-06-22,,47
Dotty Strutley,USA,Fruit & Nut Bars,2022-07-13,,276
Kelci Walkden,UK,Choco Coated Almonds,2022-05-24,,212
Gunar Cockshoot,New Zealand,After Nines,2022-08-09,,145
Kaine Padly,Canada,85% Dark Bars,2022-04-06,,31
Jan Morforth,New Zealand,Manuka Honey Choco,2022-07-28,,271
Gunar Cockshoot,New Zealand,Raspberry Choco,2022-08-24,,52
Van Tuxwell,Australia,99% Dark & Pure,2022-01-17,,128
Curtice Advani,USA,Drinking Coco,2022-02-07,,142
Brien Boise,Australia,Spicy Special Slims,2022-05-09,,256
Mallorie Waber,New Zealand,85% Dark Bars,2022-06-06,,106
Wilone O'Kielt,USA,Choco Coated Almonds,2022-06-06,,6
Beverie Moffet,New Zealand,Organic Choco Syrup,2022-05-24,,226
Gunar Cockshoot,UK,50% Dark Bites,2022-01-13,,121
Marney O'Breen,USA,Raspberry Choco,2022-05-23,,151
Jehu Rudeforth,UK,White Choc,2022-06-29,,284
Jehu Rudeforth,New Zealand,85% Dark Bars,2022-03-11,,89
Dotty Strutley,USA,85% Dark Bars,2022-04-25,,508
Rafaelita Blaksland,Australia,Smooth Sliky Salty,2022-05-30,,243
Curtice Advani,India,Manuka Honey Choco,2022-05-23,,170
Mallorie Waber,USA,Peanut Butter Cubes,2022-05-23,,18
Van Tuxwell,Canada,Peanut Butter Cubes,2022-06-24,,282
Kelci Walkden,New Zealand,Smooth Sliky Salty,2022-03-11,,277
Rafaelita Blaksland,USA,Smooth Sliky Salty,2022-07-27,,212
Rafaelita Blaksland,USA,White Choc,2022-08-16,,126
Roddy Speechley,Canada,Smooth Sliky Salty,2022-03-07,,11
Curtice Advani,New Zealand,After Nines,2022-04-05,,30
Camilla Castle,India,85% Dark Bars,2022-05-04,,51
Ches Bonnell,USA,Choco Coated Almonds,2022-01-04,,92
Marney O'Breen,Australia,Baker's Choco Chips,2022-01-13,,101
Wilone O'Kielt,New Zealand,Fruit & Nut Bars,2022-07-11,,98
Kaine Padly,Australia,Mint Chip Choco,2022-05-17,,159
Camilla Castle,New Zealand,Peanut Butter Cubes,2022-07-21,,62
Curtice Advani,Canada,Organic Choco Syrup,2022-02-22,,22
Jan Morforth,India,99% Dark & Pure,2022-05-23,,187
Rafaelita Blaksland,Canada,Drinking Coco,2022-07-12,,200
Jan Morforth,UK,Orange Choco,2022-06-15,,201
Barr Faughny,New Zealand,50% Dark Bites,2022-06-23,,308
Curtice Advani,Australia,Eclairs,2022-03-25,,55
Jan Morforth,India,Caramel Stuffed Bars,2022-07-04,,153
Andria Kimpton,UK,White Choc,2022-05-12,,101
Camilla Castle,New Zealand,Raspberry Choco,2022-04-04,,137
Madelene Upcott,Australia,Orange Choco,2022-04-15,,398
Roddy Speechley,Canada,Eclairs,2022-03-08,,88
Karlen McCaffrey,India,White Choc,2022-01-17,,232
Wilone O'Kielt,India,Mint Chip Choco,2022-08-22,,51
Andria Kimpton,UK,99% Dark & Pure,2022-07-25,,66
Marney O'Breen,UK,50% Dark Bites,2022-06-14,,124
Ches Bonnell,India,Choco Coated Almonds,2022-04-05,,78
Madelene Upcott,UK,Raspberry Choco,2022-08-26,,341
Wilone O'Kielt,Australia,50% Dark Bites,2022-08-03,,114
Gigi Bohling,Canada,White Choc,2022-07-11,,4
Wilone O'Kielt,New Zealand,Eclairs,2022-03-11,,22
Brien Boise,UK,Peanut Butter Cubes,2022-01-10,,30
Roddy Speechley,UK,Baker's Choco Chips,2022-04-04,,351
Karlen McCaffrey,Australia,50% Dark Bites,2022-01-17,,708
Marney O'Breen,New Zealand,Organic Choco Syrup,2022-07-08,,50
Jan Morforth,UK,Organic Choco Syrup,2022-04-12,,356
Rafaelita Blaksland,Canada,Fruit & Nut Bars,2022-08-24,,185
Ches Bonnell,UK,Choco Coated Almonds,2022-06-07,,236
Gunar Cockshoot,Canada,Almond Choco,2022-07-28,,30
Husein Augar,USA,99% Dark & Pure,2022-02-21,,111
Dennison Crosswaite,Canada,Mint Chip Choco,2022-04-08,,289
Brien Boise,UK,Manuka Honey Choco,2022-06-28,,103
Van Tuxwell,UK,Baker's Choco Chips,2022-03-24,,20
Barr Faughny,Australia,Caramel Stuffed Bars,2022-07-29,,55
Dennison Crosswaite,USA,Eclairs,2022-05-25,,90
Gigi Bohling,Australia,Raspberry Choco,2022-03-30,,303
Dennison Crosswaite,USA,Organic Choco Syrup,2022-07-18,,126
Beverie Moffet,Canada,Orange Choco,2022-05-10,,109
Mallorie Waber,Australia,Choco Coated Almonds,2022-03-18,,92
Ches Bonnell,India,Caramel Stuffed Bars,2022-06-15,,56
Van Tuxwell,Canada,50% Dark Bites,2022-05-12,,58
Kelci Walkden,New Zealand,Baker's Choco Chips,2022-06-23,,110
Beverie Moffet,India,Spicy Special Slims,2022-04-21,,171
Gigi Bohling,Australia,Almond Choco,2022-08-17,,117
Rafaelita Blaksland,New Zealand,Eclairs,2022-02-07,,51
Kelci Walkden,Canada,Smooth Sliky Salty,2022-03-17,,118
Jan Morforth,India,Baker's Choco Chips,2022-08-01,,79
Jehu Rudeforth,Australia,Milk Bars,2022-03-18,,29
Gigi Bohling,Canada,Fruit & Nut Bars,2022-06-14,,103
Beverie Moffet,UK,Eclairs,2022-04-22,,155
Marney O'Breen,New Zealand,Eclairs,2022-01-18,,31
Husein Augar,Australia,99% Dark & Pure,2022-08-26,,128
Gunar Cockshoot,New Zealand,Fruit & Nut Bars,2022-06-10,,419
Curtice Advani,Canada,70% Dark Bites,2022-01-31,,7
Kelci Walkden,New Zealand,Manuka Honey Choco,2022-04-08,,106
Dotty Strutley,Australia,Baker's Choco Chips,2022-06-07,,68
Barr Faughny,Australia,85% Dark Bars,2022-02-10,,44
Beverie Moffet,Australia,50% Dark Bites,2022-05-16,,457
Gunar Cockshoot,India,Baker's Choco Chips,2022-03-18,,524
Van Tuxwell,Australia,50% Dark Bites,2022-07-13,,137
Oby Sorrel,USA,Manuka Honey Choco,2022-07-25,,86
Van Tuxwell,Canada,Choco Coated Almonds,2022-08-19,,296
Karlen McCaffrey,Canada,70% Dark Bites,2022-06-24,,597
Kelci Walkden,Canada,Fruit & Nut Bars,2022-06-20,,149
Camilla Castle,India,99% Dark & Pure,2022-08-02,,207
Madelene Upcott,New Zealand,70% Dark Bites,2022-02-22,,93
Mallorie Waber,New Zealand,Orange Choco,2022-02-01,,23
Jan Morforth,Canada,70% Dark Bites,2022-02-14,,305
Kelci Walkden,Australia,Milk Bars,2022-02-24,,125
Dennison Crosswaite,India,Orange Choco,2022-03-18,,129
Husein Augar,UK,Eclairs,2022-08-30,,252
Gigi Bohling,USA,Peanut Butter Cubes,2022-05-09,,75
Wilone O'Kielt,USA,Smooth Sliky Salty,2022-01-18,,87
Curtice Advani,India,White Choc,2022-07-04,,342
Oby Sorrel,New Zealand,Spicy Special Slims,2022-06-03,,13
Beverie Moffet,New Zealand,Peanut Butter Cubes,2022-02-23,,30
Dotty Strutley,New Zealand,99% Dark & Pure,2022-05-09,,203
Kelci Walkden,India,70% Dark Bites,2022-06-06,,106
Kelci Walkden,India,Drinking Coco,2022-07-04,,234
Brien Boise,New Zealand,Drinking Coco,2022-06-06,,100
Dotty Strutley,Australia,Almond Choco,2022-05-13,,91
Wilone O'Kielt,New Zealand,Organic Choco Syrup,2022-01-31,,277
Ches Bonnell,New Zealand,Caramel Stuffed Bars,2022-06-30,,42
Barr Faughny,Canada,Manuka Honey Choco,2022-08-25,,249
Gigi Bohling,New Zealand,Smooth Sliky Salty,2022-01-10,,97
Brien Boise,USA,Manuka Honey Choco,2022-08-22,,8
Roddy Speechley,New Zealand,85% Dark Bars,2022-04-14,,275
Oby Sorrel,UK,Smooth Sliky Salty,2022-05-31,,313
Oby Sorrel,UK,Raspberry Choco,2022-04-08,,323
Roddy Speechley,USA,Drinking Coco,2022-02-21,,155
Andria Kimpton,Australia,Manuka Honey Choco,2022-03-30,,377
Mallorie Waber,India,Raspberry Choco,2022-03-02,,2
Jehu Rudeforth,USA,Orange Choco,2022-07-28,,170
Kaine Padly,New Zealand,70% Dark Bites,2022-03-24,,38
Curtice Advani,Australia,After Nines,2022-08-11,,105
Husein Augar,UK,Almond Choco,2022-05-17,,166
Kaine Padly,Canada,Choco Coated Almonds,2022-05-18,,164
Roddy Speechley,UK,Peanut Butter Cubes,2022-08-17,,171
Ches Bonnell,New Zealand,Eclairs,2022-04-04,,49
Brien Boise,India,85% Dark Bars,2022-08-09,,205
Brien Boise,New Zealand,Organic Choco Syrup,2022-01-17,,313
Andria Kimpton,Canada,White Choc,2022-02-14,,29
Gigi Bohling,New Zealand,Orange Choco,2022-05-16,,307
Ches Bonnell,Canada,Smooth Sliky Salty,2022-03-16,,121
Husein Augar,Canada,70% Dark Bites,2022-01-31,,285
Barr Faughny,Canada,Organic Choco Syrup,2022-03-10,,205
Oby Sorrel,UK,Organic Choco Syrup,2022-06-30,,157
Van Tuxwell,New Zealand,Eclairs,2022-03-01,,182
Mallorie Waber,UK,Drinking Coco,2022-05-27,,100
Oby Sorrel,UK,Milk Bars,2022-07-11,,223
Karlen McCaffrey,New Zealand,Mint Chip Choco,2022-03-02,,61
Jehu Rudeforth,USA,Raspberry Choco,2022-03-04,,133
Kelci Walkden,UK,85% Dark Bars,2022-06-23,,228
Kelci Walkden,USA,Almond Choco,2022-01-27,,233
Marney O'Breen,Canada,Orange Choco,2022-01-14,,425
Dennison Crosswaite,India,Fruit & Nut Bars,2022-07-29,,24
Brien Boise,Canada,Smooth Sliky Salty,2022-05-13,,495
Barr Faughny,Canada,Baker's Choco Chips,2022-02-03,,170
Brien Boise,India,Smooth Sliky Salty,2022-05-27,,26
Jan Morforth,Australia,Drinking Coco,2022-02-18,,24
Brien Boise,India,Spicy Special Slims,2022-01-28,,33
Van Tuxwell,UK,Eclairs,2022-06-29,,109
Wilone O'Kielt,India,Caramel Stuffed Bars,2022-01-13,,276
Jehu Rudeforth,UK,After Nines,2022-06-27,,164
Barr Faughny,Canada,White Choc,2022-03-29,,1
Gunar Cockshoot,India,Organic Choco Syrup,2022-06-03,,160
Mallorie Waber,Canada,Smooth Sliky Salty,2022-03-21,,98
Mallorie Waber,India,Eclairs,2022-04-12,,46
Rafaelita Blaksland,Australia,Raspberry Choco,2022-01-19,,259
Karlen McCaffrey,UK,50% Dark Bites,2022-04-06,,310
Kaine Padly,Australia,50% Dark Bites,2022-08-02,,78
Gigi Bohling,Australia,Eclairs,2022-04-12,,136
Oby Sorrel,India,Drinking Coco,2022-07-21,,130
Van Tuxwell,New Zealand,Baker's Choco Chips,2022-03-22,,24
Husein Augar,India,Peanut Butter Cubes,2022-05-09,,5
Andria Kimpton,Australia,Baker's Choco Chips,2022-08-09,,109
Madelene Upcott,Canada,Choco Coated Almonds,2022-07-20,,294
Brien Boise,India,70% Dark Bites,2022-04-14,,413
Jehu Rudeforth,Canada,White Choc,2022-01-25,,136
Andria Kimpton,Australia,Almond Choco,2022-04-25,,175
Dotty Strutley,Canada,After Nines,2022-01-17,,237
Karlen McCaffrey,USA,Eclairs,2022-08-15,,125
Karlen McCaffrey,Canada,Fruit & Nut Bars,2022-06-02,,16
Gunar Cockshoot,USA,85% Dark Bars,2022-06-30,,135
Dotty Strutley,New Zealand,Raspberry Choco,2022-02-10,,91
Marney O'Breen,Canada,Caramel Stuffed Bars,2022-02-23,,614
Dennison Crosswaite,India,Organic Choco Syrup,2022-01-27,,216
Camilla Castle,UK,Mint Chip Choco,2022-05-26,,317
Brien Boise,USA,70% Dark Bites,2022-04-14,,21
Madelene Upcott,Australia,99% Dark & Pure,2022-08-01,,154
Mallorie Waber,Australia,Eclairs,2022-08-22,,222
Marney O'Breen,India,99% Dark & Pure,2022-07-22,,157
Husein Augar,USA,Fruit & Nut Bars,2022-04-28,,27
Kelci Walkden,Australia,Almond Choco,2022-05-30,,350
Ches Bonnell,USA,Milk Bars,2022-07-21,,157
Jan Morforth,UK,Caramel Stuffed Bars,2022-08-02,,468
Brien Boise,New Zealand,70% Dark Bites,2022-06-15,,130
Oby Sorrel,India,85% Dark Bars,2022-07-05,,130
Kaine Padly,New Zealand,Smooth Sliky Salty,2022-04-12,,518
Gigi Bohling,Australia,70% Dark Bites,2022-08-18,,105
Jan Morforth,UK,50% Dark Bites,2022-01-12,,293
Gunar Cockshoot,Canada,White Choc,2022-08-11,,15
Jehu Rudeforth,Australia,Spicy Special Slims,2022-01-13,,384
Husein Augar,UK,Baker's Choco Chips,2022-04-29,,135
Rafaelita Blaksland,New Zealand,After Nines,2022-07-07,,92
Madelene Upcott,New Zealand,Mint Chip Choco,2022-03-11,,4
Madelene Upcott,UK,70% Dark Bites,2022-02-16,,239
Barr Faughny,Australia,Organic Choco Syrup,2022-01-07,,33
Beverie Moffet,New Zealand,Drinking Coco,2022-01-12,,518
Beverie Moffet,India,Eclairs,2022-06-09,,147
Andria Kimpton,India,Eclairs,2022-05-16,,84
Gigi Bohling,UK,85% Dark Bars,2022-06-23,,94
Roddy Speechley,UK,Raspberry Choco,2022-01-28,,194
Dotty Strutley,UK,Mint Chip Choco,2022-07-14,,216
Barr Faughny,Canada,Drinking Coco,2022-04-18,,247
Oby Sorrel,USA,Milk Bars,2022-06-14,,79
Oby Sorrel,UK,Orange Choco,2022-04-15,,237
Curtice Advani,Canada,Peanut Butter Cubes,2022-05-19,,63
Gigi Bohling,India,White Choc,2022-04-13,,172
Husein Augar,Canada,Choco Coated Almonds,2022-08-15,,408
Wilone O'Kielt,India,Choco Coated Almonds,2022-08-22,,233
Wilone O'Kielt,New Zealand,Baker's Choco Chips,2022-04-22,,59
Kaine Padly,UK,Choco Coated Almonds,2022-08-03,,123
Dennison Crosswaite,New Zealand,Organic Choco Syrup,2022-01-04,,229
Kelci Walkden,Canada,After Nines,2022-01-13,,198
Van Tuxwell,Australia,Baker's Choco Chips,2022-05-11,,32
Husein Augar,New Zealand,Peanut Butter Cubes,2022-02-16,,236
Kaine Padly,UK,Caramel Stuffed Bars,2022-05-20,,67
Jehu Rudeforth,UK,Drinking Coco,2022-02-03,,438
Beverie Moffet,India,Manuka Honey Choco,2022-05-06,,167
Gunar Cockshoot,UK,Choco Coated Almonds,2022-06-30,,135
Gunar Cockshoot,UK,Smooth Sliky Salty,2022-03-22,,148
Camilla Castle,Canada,Orange Choco,2022-02-17,,54
Jehu Rudeforth,UK,85% Dark Bars,2022-07-07,,64
Oby Sorrel,UK,70% Dark Bites,2022-03-16,,181
Kelci Walkden,UK,99% Dark & Pure,2022-08-12,,114
Gigi Bohling,New Zealand,After Nines,2022-01-21,,181
Oby Sorrel,Australia,50% Dark Bites,2022-05-06,,151
Oby Sorrel,Canada,50% Dark Bites,2022-06-24,,137
Barr Faughny,USA,White Choc,2022-05-05,,163
Rafaelita Blaksland,New Zealand,99% Dark & Pure,2022-03-25,,84
Curtice Advani,Australia,Caramel Stuffed Bars,2022-02-14,,140
Curtice Advani,New Zealand,85% Dark Bars,2022-05-12,,187
Barr Faughny,New Zealand,Smooth Sliky Salty,2022-01-25,,169
Ches Bonnell,UK,85% Dark Bars,2022-06-28,,12
Dennison Crosswaite,Australia,Drinking Coco,2022-07-13,,194
Roddy Speechley,USA,Milk Bars,2022-05-16,,252
Jan Morforth,India,After Nines,2022-03-14,,168
Gunar Cockshoot,USA,After Nines,2022-08-15,,261
Ches Bonnell,India,Orange Choco,2022-02-16,,256
Mallorie Waber,UK,Manuka Honey Choco,2022-06-15,,43
Barr Faughny,Australia,Raspberry Choco,2022-05-27,,100
Wilone O'Kielt,USA,Drinking Coco,2022-06-14,,98
Wilone O'Kielt,India,Eclairs,2022-02-25,,76
Wilone O'Kielt,India,After Nines,2022-08-04,,262
Kelci Walkden,India,99% Dark & Pure,2022-06-28,,244
Gunar Cockshoot,Canada,Spicy Special Slims,2022-04-05,,12
Madelene Upcott,Canada,Peanut Butter Cubes,2022-07-05,,113
Kaine Padly,New Zealand,Eclairs,2022-01-20,,48
Ches Bonnell,New Zealand,Drinking Coco,2022-02-16,,131
Curtice Advani,UK,Drinking Coco,2022-07-12,,174
Kelci Walkden,India,Raspberry Choco,2022-06-16,,254
Dotty Strutley,Australia,Choco Coated Almonds,2022-04-13,,284
Kaine Padly,UK,50% Dark Bites,2022-02-21,,67
Roddy Speechley,Canada,Choco Coated Almonds,2022-05-11,,249
Ches Bonnell,India,50% Dark Bites,2022-04-15,,313
Oby Sorrel,Canada,Peanut Butter Cubes,2022-06-07,,167
Oby Sorrel,UK,White Choc,2022-06-27,,286
Barr Faughny,India,After Nines,2022-07-29,,109
Wilone O'Kielt,Canada,Smooth Sliky Salty,2022-06-02,,166
Rafaelita Blaksland,India,Mint Chip Choco,2022-01-26,,85
Rafaelita Blaksland,Canada,99% Dark & Pure,2022-03-02,,142
Van Tuxwell,Australia,70% Dark Bites,2022-01-10,,104
Beverie Moffet,USA,70% Dark Bites,2022-06-27,,115
Barr Faughny,Canada,Orange Choco,2022-06-30,,18
Roddy Speechley,Australia,85% Dark Bars,2022-07-08,,80
Oby Sorrel,India,Spicy Special Slims,2022-06-08,,88
Jan Morforth,UK,Manuka Honey Choco,2022-08-18,,212
Kaine Padly,Australia,After Nines,2022-04-08,,306
Wilone O'Kielt,Canada,Fruit & Nut Bars,2022-08-08,,181
Wilone O'Kielt,UK,Milk Bars,2022-08-26,,65
Oby Sorrel,Canada,Fruit & Nut Bars,2022-01-14,,158
Dennison Crosswaite,USA,Baker's Choco Chips,2022-08-11,,271
Madelene Upcott,USA,Almond Choco,2022-05-31,,24
Van Tuxwell,New Zealand,50% Dark Bites,2022-07-11,,10
Karlen McCaffrey,Canada,Caramel Stuffed Bars,2022-03-02,,304
Madelene Upcott,Australia,Raspberry Choco,2022-07-13,,88
Rafaelita Blaksland,UK,Spicy Special Slims,2022-08-03,,133
Curtice Advani,UK,Peanut Butter Cubes,2022-03-01,,165
Kelci Walkden,New Zealand,White Choc,2022-04-13,,150
Beverie Moffet,Canada,Fruit & Nut Bars,2022-02-14,,180
Mallorie Waber,India,White Choc,2022-07-26,,213
Brien Boise,UK,Drinking Coco,2022-01-27,,133
Jehu Rudeforth,India,Peanut Butter Cubes,2022-04-14,,446
Oby Sorrel,USA,Almond Choco,2022-05-19,,141
Husein Augar,India,Eclairs,2022-02-09,,58
Brien Boise,UK,Spicy Special Slims,2022-05-25,,58
Oby Sorrel,Australia,Manuka Honey Choco,2022-01-26,,76
Beverie Moffet,India,White Choc,2022-07-04,,296
Ches Bonnell,India,Almond Choco,2022-04-13,,73
Gigi Bohling,Australia,Smooth Sliky Salty,2022-01-25,,119
Camilla Castle,USA,85% Dark Bars,2022-04-25,,78
Camilla Castle,USA,Eclairs,2022-06-10,,392
Madelene Upcott,New Zealand,White Choc,2022-08-22,,51
Van Tuxwell,India,After Nines,2022-06-27,,207
Husein Augar,India,Orange Choco,2022-06-30,,40
Jehu Rudeforth,India,Almond Choco,2022-08-30,,100
Karlen McCaffrey,Australia,Raspberry Choco,2022-08-23,,57
Camilla Castle,New Zealand,99% Dark & Pure,2022-08-26,,42
Gigi Bohling,Australia,Orange Choco,2022-03-09,,156
Kelci Walkden,UK,Drinking Coco,2022-04-20,,23
Mallorie Waber,Canada,Caramel Stuffed Bars,2022-06-10,,539
Husein Augar,Australia,Organic Choco Syrup,2022-02-08,,158
Brien Boise,Australia,White Choc,2022-08-25,,22
Dotty Strutley,India,Peanut Butter Cubes,2022-02-16,,73
Dennison Crosswaite,UK,99% Dark & Pure,2022-05-30,,27
Gigi Bohling,New Zealand,50% Dark Bites,2022-06-29,,64
Gigi Bohling,USA,Milk Bars,2022-06-16,,133
Brien Boise,UK,Caramel Stuffed Bars,2022-03-04,,149
Curtice Advani,New Zealand,Peanut Butter Cubes,2022-03-15,,434
Curtice Advani,New Zealand,50% Dark Bites,2022-01-27,,85
Beverie Moffet,Canada,Drinking Coco,2022-07-05,,118
Barr Faughny,USA,Caramel Stuffed Bars,2022-03-29,,299
Mallorie Waber,Canada,Almond Choco,2022-05-12,,35
Oby Sorrel,USA,Drinking Coco,2022-03-11,,44
Brien Boise,New Zealand,Eclairs,2022-07-11,,299
Gunar Cockshoot,New Zealand,Choco Coated Almonds,2022-08-01,,62
Gunar Cockshoot,UK,Spicy Special Slims,2022-02-16,,200
Curtice Advani,USA,After Nines,2022-04-13,,235
Oby Sorrel,India,Choco Coated Almonds,2022-02-14,,363
Ches Bonnell,Australia,Peanut Butter Cubes,2022-03-14,,68
Oby Sorrel,Australia,Spicy Special Slims,2022-04-26,,26
Jehu Rudeforth,Canada,Manuka Honey Choco,2022-04-05,,200
Camilla Castle,Canada,Drinking Coco,2022-03-03,,264
Kaine Padly,USA,Spicy Special Slims,2022-06-13,,175
Marney O'Breen,New Zealand,70% Dark Bites,2022-02-14,,352
Roddy Speechley,New Zealand,99% Dark & Pure,2022-04-18,,183
Oby Sorrel,New Zealand,85% Dark Bars,2022-02-01,,417
Dotty Strutley,New Zealand,Orange Choco,2022-08-04,,146
Andria Kimpton,New Zealand,Almond Choco,2022-04-05,,158
Karlen McCaffrey,Australia,99% Dark & Pure,2022-01-26,,168
Kaine Padly,UK,After Nines,2022-01-21,,176
Kaine Padly,Canada,After Nines,2022-08-22,,172
Kaine Padly,UK,Drinking Coco,2022-01-27,,224
Rafaelita Blaksland,UK,50% Dark Bites,2022-02-16,,68
Dotty Strutley,USA,Raspberry Choco,2022-01-03,,46
Karlen McCaffrey,USA,White Choc,2022-08-24,,2
Oby Sorrel,USA,Spicy Special Slims,2022-02-07,,417
Mallorie Waber,Australia,Smooth Sliky Salty,2022-02-11,,109
Kaine Padly,Canada,Organic Choco Syrup,2022-03-29,,81
Marney O'Breen,USA,Peanut Butter Cubes,2022-06-15,,350
Dennison Crosswaite,UK,Smooth Sliky Salty,2022-04-26,,142
Brien Boise,Australia,Organic Choco Syrup,2022-07-15,,264
Beverie Moffet,India,Organic Choco Syrup,2022-06-23,,20
Dennison Crosswaite,Australia,Baker's Choco Chips,2022-01-11,,421
Beverie Moffet,UK,50% Dark Bites,2022-02-09,,271
Van Tuxwell,UK,Almond Choco,2022-06-06,,204
Dotty Strutley,UK,Caramel Stuffed Bars,2022-08-10,,235
Wilone O'Kielt,Australia,Smooth Sliky Salty,2022-01-04,,46
Andria Kimpton,Canada,70% Dark Bites,2022-04-08,,15
Barr Faughny,UK,Milk Bars,2022-03-02,,430
Van Tuxwell,Canada,Drinking Coco,2022-06-15,,709
Jehu Rudeforth,Australia,After Nines,2022-02-14,,47
Husein Augar,UK,After Nines,2022-07-05,,380
Barr Faughny,India,Mint Chip Choco,2022-01-12,,465
Curtice Advani,India,Mint Chip Choco,2022-03-03,,96
Jehu Rudeforth,New Zealand,Milk Bars,2022-05-18,,188
Gunar Cockshoot,India,Caramel Stuffed Bars,2022-07-28,,202
Curtice Advani,UK,Manuka Honey Choco,2022-02-07,,106
Andria Kimpton,India,Orange Choco,2022-05-30,,421
Mallorie Waber,Australia,Raspberry Choco,2022-04-25,,27
Beverie Moffet,Canada,85% Dark Bars,2022-02-16,,45
Kelci Walkden,Australia,Drinking Coco,2022-05-04,,60
Van Tuxwell,Canada,70% Dark Bites,2022-06-02,,77
Dennison Crosswaite,USA,Caramel Stuffed Bars,2022-07-11,,464
Beverie Moffet,New Zealand,Spicy Special Slims,2022-06-07,,60
Jan Morforth,UK,Almond Choco,2022-07-06,,157
Husein Augar,India,Raspberry Choco,2022-06-15,,154
Dotty Strutley,India,Mint Chip Choco,2022-04-14,,239
Camilla Castle,India,Drinking Coco,2022-08-08,,163
Marney O'Breen,UK,Drinking Coco,2022-03-29,,28
Roddy Speechley,Australia,Organic Choco Syrup,2022-07-04,,76
Ches Bonnell,India,99% Dark & Pure,2022-02-16,,96
Rafaelita Blaksland,Canada,Spicy Special Slims,2022-05-02,,156
Van Tuxwell,India,Eclairs,2022-07-21,,106
Gunar Cockshoot,Australia,99% Dark & Pure,2022-08-18,,235
Kaine Padly,USA,85% Dark Bars,2022-06-22,,259
Camilla Castle,UK,Peanut Butter Cubes,2022-07-19,,126
Madelene Upcott,UK,Peanut Butter Cubes,2022-08-12,,85
Madelene Upcott,USA,Choco Coated Almonds,2022-06-07,,132
Marney O'Breen,Canada,Peanut Butter Cubes,2022-03-08,,91
Ches Bonnell,Australia,Choco Coated Almonds,2022-04-08,,167
Curtice Advani,Canada,Eclairs,2022-05-06,,203
Roddy Speechley,India,Drinking Coco,2022-05-31,,11
Van Tuxwell,Australia,Mint Chip Choco,2022-01-13,,295
Dennison Crosswaite,USA,70% Dark Bites,2022-03-15,,77
Andria Kimpton,Canada,Peanut Butter Cubes,2022-02-16,,319
Gigi Bohling,USA,70% Dark Bites,2022-01-14,,196
Rafaelita Blaksland,Australia,White Choc,2022-03-21,,102
Roddy Speechley,Canada,Drinking Coco,2022-05-17,,312
Camilla Castle,New Zealand,85% Dark Bars,2022-08-08,,55
Madelene Upcott,Canada,Milk Bars,2022-04-26,,82
Madelene Upcott,Australia,70% Dark Bites,2022-04-15,,260
Oby Sorrel,Canada,Eclairs,2022-05-19,,591
Dennison Crosswaite,Canada,Drinking Coco,2022-01-10,,24
Mallorie Waber,New Zealand,After Nines,2022-05-04,,228
Roddy Speechley,Canada,White Choc,2022-04-05,,268
Andria Kimpton,India,After Nines,2022-01-17,,68
Roddy Speechley,India,Spicy Special Slims,2022-03-22,,173
Dotty Strutley,Australia,White Choc,2022-07-05,,93
Oby Sorrel,Canada,Orange Choco,2022-04-27,,338
Kaine Padly,Canada,Almond Choco,2022-08-12,,73
Jan Morforth,UK,Baker's Choco Chips,2022-03-11,,251
Jehu Rudeforth,UK,Fruit & Nut Bars,2022-05-13,,229
Dennison Crosswaite,USA,Smooth Sliky Salty,2022-05-12,,91
Brien Boise,USA,Raspberry Choco,2022-01-12,,194
Madelene Upcott,New Zealand,Milk Bars,2022-03-29,,403
Roddy Speechley,India,50% Dark Bites,2022-03-14,,12
Barr Faughny,New Zealand,99% Dark & Pure,2022-05-24,,195
Dennison Crosswaite,Canada,Organic Choco Syrup,2022-01-28,,75
Beverie Moffet,India,Almond Choco,2022-05-24,,96
Brien Boise,Australia,Peanut Butter Cubes,2022-08-19,,205
Karlen McCaffrey,Australia,Spicy Special Slims,2022-05-17,,323
Jehu Rudeforth,USA,White Choc,2022-06-07,,119
Ches Bonnell,Canada,Organic Choco Syrup,2022-07-26,,217
Dotty Strutley,India,Eclairs,2022-07-28,,384
Karlen McCaffrey,India,70% Dark Bites,2022-05-23,,344
